{"loss": [0.6714128255844116,  0.6318638920783997,  0.6037078499794006,  0.5656453371047974,  0.5403838157653809,  0.5139812231063843,  0.5092266798019409,  0.49686503410339355,  0.485635370016098,  0.4678575396537781,  0.45477503538131714,  0.44485610723495483,  0.437659353017807,  0.43700289726257324,  0.4394024908542633,  0.4227539002895355,  0.41780275106430054,  0.4144773483276367,  0.41276663541793823,  0.40350890159606934,  0.38674044609069824,  0.40628689527511597,  0.3731514513492584,  0.3993867039680481,  0.3936634659767151,  0.3824302554130554,  0.38904598355293274,  0.38959962129592896,  0.3803039491176605,  0.3684002757072449,  0.3747335970401764,  0.386487752199173,  0.3789525032043457,  0.3653560280799866,  0.3635370433330536,  0.3610731065273285,  0.3828059732913971,  0.3740192651748657,  0.376326322555542,  0.36476045846939087,  0.3806479573249817,  0.36913222074508667,  0.37371447682380676,  0.3620184361934662,  0.38107389211654663,  0.38636016845703125,  0.380237340927124,  0.35627180337905884,  0.35549458861351013,  0.3724118173122406], "accuracy": [0.5914062261581421,  0.663281261920929,  0.7035156488418579,  0.749218761920929,  0.782031238079071,  0.7886718511581421,  0.78125,  0.7953125238418579,  0.7984374761581421,  0.8042968511581421,  0.819531261920929,  0.8226562738418579,  0.8238281011581421,  0.821093738079071,  0.8177062273025513,  0.8226562738418579,  0.824999988079071,  0.828125,  0.833203136920929,  0.8324218988418579,  0.850781261920929,  0.8285156488418579,  0.8539062738418579,  0.830078125,  0.8394531011581421,  0.8421875238418579,  0.828125,  0.83203125,  0.8466801047325134,  0.8480468988418579,  0.845703125,  0.836718738079071,  0.841015636920929,  0.856249988079071,  0.8609374761581421,  0.848437488079071,  0.8324218988418579,  0.841015636920929,  0.830859363079071,  0.856249988079071,  0.8304687738418579,  0.8441406488418579,  0.8390341997146606,  0.8515625,  0.832812488079071,  0.839062511920929,  0.841796875,  0.85546875,  0.848828136920929,  0.8414062261581421], "precision": [0.6041666865348816,  0.6719367504119873,  0.7159590125083923,  0.7503311038017273,  0.7847328186035156,  0.7866766452789307,  0.8081395626068115,  0.7950354814529419,  0.8090303540229797,  0.8141320943832397,  0.8263518810272217,  0.8401544690132141,  0.8305209279060364,  0.8277125954627991,  0.8270313739776611,  0.8422641754150391,  0.826765775680542,  0.8401514887809753,  0.8431084752082825,  0.849811315536499,  0.8682774901390076,  0.8384672999382019,  0.8729903697967529,  0.8417431116104126,  0.850931704044342,  0.8542141318321228,  0.8417431116104126,  0.848416268825531,  0.8634505271911621,  0.8536398410797119,  0.8535659909248352,  0.8531249761581421,  0.8605546951293945,  0.8734567761421204,  0.8839907050132751,  0.8634969592094421,  0.8484848737716675,  0.8457446694374084,  0.8478425145149231,  0.8631578683853149,  0.8518518805503845,  0.8498168587684631,  0.8534278869628906,  0.8696343302726746,  0.8465648889541626,  0.8514774441719055,  0.8606811165809631,  0.860347330570221,  0.8587213754653931,  0.8678797483444214], "recall": [0.6629793643951416,  0.6553584933280945,  0.7249814867973328,  0.8104434609413147,  0.7883435487747192,  0.8041316270828247,  0.7473118305206299,  0.8266961574554443,  0.8090303540229797,  0.8036391139030457,  0.8225928544998169,  0.8149812817573547,  0.8372781276702881,  0.8350591659545898,  0.8120062947273254,  0.8199853301048279,  0.8379803895950317,  0.8288490176200867,  0.8437270522117615,  0.8303834795951843,  0.8394875526428223,  0.8328357934951782,  0.8341013789176941,  0.8284424543380737,  0.8334600925445557,  0.8414360284805298,  0.8253373503684998,  0.8308714628219604,  0.8314960598945618,  0.8490853905677795,  0.8477769494056702,  0.8260211944580078,  0.8317200541496277,  0.847305417060852,  0.847294270992279,  0.8428143858909607,  0.8235294222831726,  0.8451024889945984,  0.8284023404121399,  0.8605697154998779,  0.8202080130577087,  0.8567208051681519,  0.8350038528442383,  0.8351144790649414,  0.830089807510376,  0.8320668935775757,  0.8317127823829651,  0.8704245686531067,  0.8395061492919922,  0.821107804775238], "lr": [0.001,  0.001,  0.001,  0.001,  0.001,  0.001,  0.001,  0.001,  0.001,  0.001,  0.001,  0.001,  0.001,  0.001,  0.001,  0.001,  0.001,  0.001,  0.001,  0.001,  0.001,  0.001,  0.001,  0.001,  0.001,  0.001,  0.001,  0.001,  0.001,  0.00020000001,  0.00020000001,  0.00020000001,  0.00020000001,  0.00020000001,  0.00020000001,  0.00020000001,  0.00020000001,  0.00020000001,  0.00020000001,  0.00020000001,  0.00020000001,  0.00020000001,  0.00020000001,  0.00020000001,  0.00020000001,  0.00020000001,  0.00020000001,  0.00020000001,  0.00020000001,  0.00020000001]}