{"loss": [0.6759575009346008,
  0.6247251629829407,
  0.5955091714859009,
  0.5683090686798096,
  0.5335021018981934,
  0.5087817311286926,
  0.4914364218711853,
  0.4683711528778076,
  0.4627559185028076,
  0.4553132951259613,
  0.4372301697731018,
  0.4328688681125641,
  0.4135172367095947,
  0.4056585729122162,
  0.40671032667160034,
  0.39481988549232483,
  0.3946169912815094,
  0.3841913342475891,
  0.3714134991168976,
  0.3802025020122528,
  0.3683016002178192,
  0.363741397857666,
  0.35915663838386536,
  0.34910425543785095,
  0.34848347306251526,
  0.35808804631233215,
  0.3405125141143799,
  0.3645428419113159,
  0.3407728970050812,
  0.34035560488700867,
  0.32916003465652466,
  0.34086474776268005,
  0.3389912247657776,
  0.336714506149292,
  0.33425286412239075,
  0.3315059542655945,
  0.34007182717323303,
  0.3386889100074768,
  0.3457283079624176,
  0.3362904191017151,
  0.32550668716430664,
  0.337016224861145,
  0.3318178653717041,
  0.32811594009399414,
  0.33461493253707886,
  0.3215787708759308,
  0.3291195034980774,
  0.33260542154312134,
  0.3370421528816223,
  0.32138770818710327],
 "accuracy": [0.5726562738418579,
  0.6953125,
  0.73828125,
  0.770312488079071,
  0.8046875,
  0.827343761920929,
  0.823046863079071,
  0.840624988079071,
  0.8304687738418579,
  0.83984375,
  0.846875011920929,
  0.8472656011581421,
  0.8597656488418579,
  0.8503210544586182,
  0.845703125,
  0.8589843511581421,
  0.852343738079071,
  0.860546886920929,
  0.861328125,
  0.84765625,
  0.85546875,
  0.8609374761581421,
  0.8695312738418579,
  0.869921863079071,
  0.866406261920929,
  0.857421875,
  0.8746093511581421,
  0.8523274660110474,
  0.87109375,
  0.86328125,
  0.876171886920929,
  0.869140625,
  0.867968738079071,
  0.866015613079071,
  0.8792968988418579,
  0.8753906488418579,
  0.868359386920929,
  0.862500011920929,
  0.864062488079071,
  0.8675781488418579,
  0.8753906488418579,
  0.8635634183883667,
  0.8714843988418579,
  0.870312511920929,
  0.8746093511581421,
  0.8828125,
  0.8726562261581421,
  0.867968738079071,
  0.858593761920929,
  0.8785156011581421],
 "precision": [0.5748855471611023,
  0.6904047727584839,
  0.7309321761131287,
  0.7438126802444458,
  0.7949820756912231,
  0.8001350164413452,
  0.8085106611251831,
  0.8237733244895935,
  0.8314937353134155,
  0.8287620544433594,
  0.8375184535980225,
  0.841211199760437,
  0.861027181148529,
  0.837918221950531,
  0.8369003534317017,
  0.8551673889160156,
  0.8445255756378174,
  0.8598574995994568,
  0.8532041907310486,
  0.8400586843490601,
  0.8585256934165955,
  0.8633633852005005,
  0.8693726658821106,
  0.8689501285552979,
  0.861267626285553,
  0.8545585870742798,
  0.8734567761421204,
  0.8541341423988342,
  0.8664150834083557,
  0.8618468046188354,
  0.8690563440322876,
  0.8660436272621155,
  0.8686186075210571,
  0.8628911972045898,
  0.8753623366355896,
  0.867488443851471,
  0.8738007545471191,
  0.8554913401603699,
  0.8665086627006531,
  0.8577712774276733,
  0.8724981546401978,
  0.8686792254447937,
  0.8677130341529846,
  0.8703837990760803,
  0.8702175617218018,
  0.8816356062889099,
  0.8655713200569153,
  0.8711656332015991,
  0.8478893637657166,
  0.8829707503318787],
 "recall": [0.6643990874290466,
  0.715062141418457,
  0.7817220687866211,
  0.8443431854248047,
  0.8382464051246643,
  0.8903080224990845,
  0.8616780042648315,
  0.8862453699111938,
  0.846441924571991,
  0.8619892001152039,
  0.8683001399040222,
  0.8661596775054932,
  0.8669201731681824,
  0.8790951371192932,
  0.8669725060462952,
  0.8788332343101501,
  0.8751891255378723,
  0.8578199148178101,
  0.8787413835525513,
  0.869400143623352,
  0.8649662137031555,
  0.8685800433158875,
  0.8823969960212708,
  0.8814199566841125,
  0.8940058350563049,
  0.878066897392273,
  0.8782001733779907,
  0.8581504821777344,
  0.8823981285095215,
  0.8846436738967896,
  0.8959276080131531,
  0.8721568584442139,
  0.8765151500701904,
  0.8792710900306702,
  0.8981412649154663,
  0.8845247626304626,
  0.8770370483398438,
  0.886227548122406,
  0.859717845916748,
  0.8897338509559631,
  0.888972818851471,
  0.8739559650421143,
  0.8842345476150513,
  0.8870848417282104,
  0.8868501782417297,
  0.9010263681411743,
  0.8881226181983948,
  0.8698315620422363,
  0.8839150071144104,
  0.8836336135864258]}